Category,OrderQuantity,SalesAmount
Bikes,38039.0,3.364130205940023E7
Clothing,35564.0,979349.0407999863
Components,28177.0,6677279.495699974
Accessories,14356.0,322770.5140000014
